time,corrected_accel,corrected_disp,corrected_vel
0,-60.000000000003,0,0
1,50.000000000003,-5.0000000000003,-5.0000000000003
2,0,-1.8542195754801e-14,20.000000000001
3,-50.000000000003,5.0000000000003,-5.0000000000003
4,60.000000000003,-3.7084391509602e-14,0
